{
  "f8e6b000-5643-4b86-9080-aa680ce1f599": {
    "asset": 1470560348704,
    "meta": 1471577728522,
    "relativePath": "image"
  },
  "71561142-4c83-4933-afca-cb7a17f67053": {
    "asset": 1467975832000,
    "meta": 1471577728760,
    "relativePath": "image\\default_btn_disabled.png"
  },
  "e851e89b-faa2-4484-bea6-5c01dd9f06e2": {
    "asset": 1467975832000,
    "meta": 1471577728756,
    "relativePath": "image\\default_btn_normal.png"
  },
  "d81ec8ad-247c-4e62-aa3c-d35c4193c7af": {
    "asset": 1467975832000,
    "meta": 1471577728768,
    "relativePath": "image\\default_panel.png"
  },
  "b43ff3c2-02bb-4874-81f7-f2dea6970f18": {
    "asset": 1467975832000,
    "meta": 1471577728775,
    "relativePath": "image\\default_btn_pressed.png"
  },
  "cfef78f1-c8df-49b7-8ed0-4c953ace2621": {
    "asset": 1467975832000,
    "meta": 1471577728784,
    "relativePath": "image\\default_progressbar.png"
  },
  "99170b0b-d210-46f1-b213-7d9e3f23098a": {
    "asset": 1467975832000,
    "meta": 1471577728790,
    "relativePath": "image\\default_progressbar_bg.png"
  },
  "4bab67cb-18e6-4099-b840-355f0473f890": {
    "asset": 1467975832000,
    "meta": 1471577728798,
    "relativePath": "image\\default_scrollbar_bg.png"
  },
  "617323dd-11f4-4dd3-8eec-0caf6b3b45b9": {
    "asset": 1467975832000,
    "meta": 1471577728804,
    "relativePath": "image\\default_scrollbar_vertical_bg.png"
  },
  "d6d3ca85-4681-47c1-b5dd-d036a9d39ea2": {
    "asset": 1467975832000,
    "meta": 1471577728823,
    "relativePath": "image\\default_scrollbar_vertical.png"
  },
  "0291c134-b3da-4098-b7b5-e397edbe947f": {
    "asset": 1467975832000,
    "meta": 1471577728820,
    "relativePath": "image\\default_scrollbar.png"
  },
  "0275e94c-56a7-410f-bd1a-fc7483f7d14a": {
    "asset": 1467975832000,
    "meta": 1471577728831,
    "relativePath": "image\\default_sprite_splash.png"
  },
  "6e056173-d285-473c-b206-40a7fff5386e": {
    "asset": 1467975832000,
    "meta": 1471577728837,
    "relativePath": "image\\default_sprite.png"
  },
  "fc09f9bd-2cce-4605-b630-8145ef809ed6": {
    "asset": 1470560348742,
    "meta": 1471577728840,
    "relativePath": "misc"
  },
  "2be36297-9abb-4fee-8049-9ed5e271da8a": {
    "asset": 1467975832000,
    "meta": 1467975832000,
    "relativePath": "misc\\default_video.mp4"
  },
  "f6e6dd15-71d1-4ffe-ace7-24fd39942c05": {
    "asset": 1470560354617,
    "meta": 1471577728842,
    "relativePath": "obsolete"
  },
  "b8223619-7e38-47c4-841f-9160c232495a": {
    "asset": 1467975832000,
    "meta": 1467975832000,
    "relativePath": "obsolete\\atom.plist"
  },
  "f743d2b6-b7ea-4c14-a55b-547ed4d0a045": {
    "asset": 1470560348758,
    "meta": 1471577728844,
    "relativePath": "particle"
  },
  "b2687ac4-099e-403c-a192-ff477686f4f5": {
    "asset": 1467975832000,
    "meta": 1467975832000,
    "relativePath": "particle\\atom.plist"
  },
  "ae6c6c98-11e4-452f-8758-75f5c6a56e83": {
    "asset": 1470560348842,
    "meta": 1471577728846,
    "relativePath": "prefab"
  },
  "972b9a4d-47ee-4c74-b5c3-61d8a69bc29f": {
    "asset": 1467975832000,
    "meta": 1471577728855,
    "relativePath": "prefab\\button.prefab"
  },
  "2c937608-2562-40ea-b264-7395df6f0cea": {
    "asset": 1467975832000,
    "meta": 1471577728862,
    "relativePath": "prefab\\canvas.prefab"
  },
  "61aeb05b-3b32-452b-8eed-2b76deeed554": {
    "asset": 1467975832000,
    "meta": 1471577728868,
    "relativePath": "prefab\\editbox.prefab"
  },
  "27756ebb-3d33-44b0-9b96-e858fadd4dd4": {
    "asset": 1467975832000,
    "meta": 1471577728874,
    "relativePath": "prefab\\label.prefab"
  },
  "785a442c-3ceb-45be-a46e-7317f625f3b9": {
    "asset": 1467975832000,
    "meta": 1471577728882,
    "relativePath": "prefab\\layout.prefab"
  },
  "cd33edea-55f5-46c2-958d-357a01384a36": {
    "asset": 1467975832000,
    "meta": 1471577728888,
    "relativePath": "prefab\\particlesystem.prefab"
  },
  "5965ffac-69da-4b55-bcde-9225d0613c28": {
    "asset": 1467975832000,
    "meta": 1471577728895,
    "relativePath": "prefab\\progressBar.prefab"
  },
  "32044bd2-481f-4cf1-a656-e2b2fb1594eb": {
    "asset": 1467975832000,
    "meta": 1471577728904,
    "relativePath": "prefab\\scrollview.prefab"
  },
  "1f55e3be-b89b-4b79-88de-47fd31018044": {
    "asset": 1467975832000,
    "meta": 1471577728913,
    "relativePath": "prefab\\sprite_splash.prefab"
  },
  "96083d03-c332-4a3f-9386-d03e2d19e8ee": {
    "asset": 1467975832000,
    "meta": 1471577728921,
    "relativePath": "prefab\\sprite.prefab"
  },
  "7de03a80-4457-438d-95a7-3e7cdffd6086": {
    "asset": 1467975832000,
    "meta": 1471577728928,
    "relativePath": "prefab\\tiledmap.prefab"
  },
  "232d2782-c4bd-4bb4-9e01-909f03d6d3b9": {
    "asset": 1467975832000,
    "meta": 1471577728936,
    "relativePath": "prefab\\videoplayer.prefab"
  },
  "29f52784-2fca-467b-92e7-8fd9ef8c57b7": {
    "asset": 1471158664113,
    "meta": 1471160722825,
    "relativePath": "Scene"
  },
  "4734c20c-0db8-4eb2-92ea-e692f4d70934": {
    "asset": 1471159864838,
    "meta": 1471160722825,
    "relativePath": "Script"
  },
  "280c3aec-6492-4a9d-9f51-a9b00b570b4a": {
    "asset": 1470730029762,
    "meta": 1470730030575,
    "relativePath": "Script\\HelloWorld.js"
  },
  "7b81d4e8-ec84-4716-968d-500ac1d78a54": {
    "asset": 1470727163189,
    "meta": 1470727168743,
    "relativePath": "Texture"
  },
  "2d2f792f-a40c-49bb-a189-ed176a246e49": {
    "asset": 1471160349511,
    "meta": 1471160349534,
    "relativePath": "Scene\\Helloworld.fire"
  },
  "a8027877-d8d6-4645-97a0-52d4a0123dba": {
    "asset": 1470727163194,
    "meta": 1470727168768,
    "relativePath": "Texture\\singleColor.png"
  },
  "6aa0aa6a-ebee-4155-a088-a687a6aadec4": {
    "asset": 1470727163194,
    "meta": 1470727168775,
    "relativePath": "Texture\\HelloWorld.png"
  },
  "9c19fef0-245d-4f28-9f4e-11ec1f555bd5": {
    "asset": 1470730631439,
    "meta": 1470732034140,
    "relativePath": "res"
  },
  "0cf1e8cb-58ad-4223-bb06-a013269512d6": {
    "asset": 1470727260198,
    "meta": 1470727898379,
    "relativePath": "res\\audio"
  },
  "8c85244d-7bc2-42f2-947f-30e831cd28ca": {
    "asset": 1470728950711,
    "meta": 1470732034140,
    "relativePath": "res\\icon"
  },
  "19e7283a-b3a1-4db0-90d5-508b29917cd8": {
    "asset": 1470727786403,
    "meta": 1470727898394,
    "relativePath": "res\\icon\\calendar_main_icon.jpg"
  },
  "eda88264-815e-488f-aad8-e0262afc5de1": {
    "asset": 1470727749667,
    "meta": 1470727898394,
    "relativePath": "res\\icon\\food_main_icon.jpg"
  },
  "c7a7f75c-03e4-4359-9b7c-d5bc5d047807": {
    "asset": 1470727860910,
    "meta": 1470727898410,
    "relativePath": "res\\icon\\game_main_icon.jpg"
  },
  "d94a7489-cc33-44ad-a237-eda1d7a110a7": {
    "asset": 1470727856753,
    "meta": 1470727898425,
    "relativePath": "res\\icon\\shop_main_icon.png"
  },
  "d9ac212d-6b24-4b6d-85b8-f331e1f9b626": {
    "asset": 1470727133074,
    "meta": 1471159548118,
    "relativePath": "res\\icon\\food.png"
  },
  "9d275266-1a4d-448e-b518-dbb6dbb83677": {
    "asset": 1470728713423,
    "meta": 1470728950644,
    "relativePath": "res\\icon\\clock.jpg"
  },
  "25e318a6-9163-45c3-9dda-733fa503aa4d": {
    "asset": 1470728926558,
    "meta": 1470728950706,
    "relativePath": "res\\icon\\raw_clock.png"
  },
  "f669b5e3-7da3-4dda-b8ce-290e6cae568b": {
    "asset": 1470728462763,
    "meta": 1470728950815,
    "relativePath": "res\\icon\\role.png"
  },
  "787cafda-0127-4185-a7ed-e455feee4c03": {
    "asset": 1470728340283,
    "meta": 1470728950872,
    "relativePath": "res\\icon\\backgroud.jpg"
  },
  "082900a5-1946-4beb-ab89-d6dedb793641": {
    "asset": 1470730631460,
    "meta": 1470730631475,
    "relativePath": "res\\font"
  },
  "f016daa7-0866-4ad7-b511-06ec44d37f67": {
    "asset": 1463654479934,
    "meta": 1470730631499,
    "relativePath": "res\\font\\mikado_outline_shadow.fnt"
  },
  "c37aefd4-09f3-4086-b222-fb2c2d25a61f": {
    "asset": 1463654479939,
    "meta": 1470730631615,
    "relativePath": "res\\font\\mikado_outline_shadow.png"
  },
  "5b1754a8-891b-4ef8-9277-d42a480cdedd": {
    "asset": 1471160379800,
    "meta": 1471160379842,
    "relativePath": "Script\\BtnController.js"
  },
  "3a89eea7-90cf-4150-8d47-87d08a5ca107": {
    "asset": 1470733921131,
    "meta": 1470733921160,
    "relativePath": "Script\\LayoutController.js"
  },
  "65f482db-fa28-4b84-b41d-5cab97243e73": {
    "asset": 1471160142600,
    "meta": 1471160142620,
    "relativePath": "Scene\\Foodshop.fire"
  }
}