{
  "item-states": [
    {
      "folded": false,
      "id": "mount-assets"
    },
    {
      "folded": false,
      "id": "9c19fef0-245d-4f28-9f4e-11ec1f555bd5"
    },
    {
      "folded": false,
      "id": "29f52784-2fca-467b-92e7-8fd9ef8c57b7"
    },
    {
      "folded": false,
      "id": "4734c20c-0db8-4eb2-92ea-e692f4d70934"
    },
    {
      "folded": false,
      "id": "7b81d4e8-ec84-4716-968d-500ac1d78a54"
    },
    {
      "folded": false,
      "id": "082900a5-1946-4beb-ab89-d6dedb793641"
    },
    {
      "folded": false,
      "id": "8c85244d-7bc2-42f2-947f-30e831cd28ca"
    },
    {
      "folded": true,
      "id": "d9ac212d-6b24-4b6d-85b8-f331e1f9b626"
    },
    {
      "folded": true,
      "id": "f669b5e3-7da3-4dda-b8ce-290e6cae568b"
    },
    {
      "folded": true,
      "id": "9d275266-1a4d-448e-b518-dbb6dbb83677"
    },
    {
      "folded": true,
      "id": "787cafda-0127-4185-a7ed-e455feee4c03"
    },
    {
      "folded": true,
      "id": "25e318a6-9163-45c3-9dda-733fa503aa4d"
    },
    {
      "folded": true,
      "id": "6aa0aa6a-ebee-4155-a088-a687a6aadec4"
    },
    {
      "folded": true,
      "id": "a8027877-d8d6-4645-97a0-52d4a0123dba"
    },
    {
      "folded": true,
      "id": "eda88264-815e-488f-aad8-e0262afc5de1"
    },
    {
      "folded": true,
      "id": "c7a7f75c-03e4-4359-9b7c-d5bc5d047807"
    },
    {
      "folded": true,
      "id": "d94a7489-cc33-44ad-a237-eda1d7a110a7"
    },
    {
      "folded": true,
      "id": "19e7283a-b3a1-4db0-90d5-508b29917cd8"
    },
    {
      "folded": true,
      "id": "c37aefd4-09f3-4086-b222-fb2c2d25a61f"
    }
  ]
}