{
  "version": "1.1.2",
  "windows": {
    "main": {
      "x": -8,
      "y": -8,
      "width": 1370,
      "height": 744,
      "layout": {
        "docks": [
          {
            "docks": [
              {
                "active": 0,
                "height": 307,
                "panels": [
                  "hierarchy"
                ],
                "type": "panel",
                "width": 217.53125
              },
              {
                "active": 0,
                "height": 306,
                "panels": [
                  "assets"
                ],
                "type": "panel",
                "width": 217.53125
              }
            ],
            "height": 616,
            "row": false,
            "type": "dock",
            "width": 217.53125
          },
          {
            "docks": [
              {
                "docks": [
                  {
                    "active": 0,
                    "height": 413,
                    "panels": [
                      "scene"
                    ],
                    "type": "panel",
                    "width": 599.5
                  },
                  {
                    "active": 0,
                    "height": 413,
                    "panels": [
                      "node-library"
                    ],
                    "type": "panel",
                    "width": 200
                  }
                ],
                "height": 413,
                "row": true,
                "type": "dock",
                "width": 802.5
              },
              {
                "active": 0,
                "height": 200,
                "panels": [
                  "console",
                  "timeline"
                ],
                "type": "panel",
                "width": 802.5
              }
            ],
            "height": 616,
            "row": false,
            "type": "dock",
            "width": 802.5
          },
          {
            "active": 0,
            "height": 616,
            "panels": [
              "inspector"
            ],
            "type": "panel",
            "width": 321.96875
          }
        ],
        "no-collapse": true,
        "row": true,
        "type": "dock"
      }
    }
  }
}